{
  "load_tests": [
    {
      "test_name": "Rapid Fire Requests (50 requests)",
      "total_requests": 50,
      "successful_requests": 50,
      "success_rate": 100.0,
      "avg_response_time": 0.10540732860565186,
      "max_response_time": 0.14430594444274902,
      "min_response_time": 0.0699920654296875,
      "timestamp": 1761254027.931175
    }
  ],
  "stress_tests": [
    {
      "test_name": "Walacor Connection Load (15 connections)",
      "total_connections": 15,
      "successful_connections": 0,
      "success_rate": 0.0,
      "avg_response_time": 0.006443341573079427,
      "max_response_time": 0.007782936096191406,
      "min_response_time": 0.005018711090087891,
      "timestamp": 1761254032.030009
    }
  ],
  "concurrent_tests": [
    {
      "test_name": "Concurrent Document Sealing (10 users)",
      "total_requests": 10,
      "successful_requests": 10,
      "failed_requests": 0,
      "success_rate": 100.0,
      "avg_response_time": 0.7773126125335693,
      "max_response_time": 0.8288078308105469,
      "min_response_time": 0.6636221408843994,
      "timestamp": 1761254020.728466
    }
  ],
  "memory_tests": [
    {
      "test_name": "Memory Usage Test (1 minutes)",
      "duration_minutes": 1,
      "total_requests": 119,
      "requests_per_minute": 119.0,
      "timestamp": 1761254094.493897
    }
  ],
  "performance_tests": [
    {
      "test_name": "Database Performance (50 operations)",
      "total_operations": 50,
      "successful_operations": 50,
      "success_rate": 100.0,
      "avg_response_time": 0.07887018203735352,
      "max_response_time": 0.08891582489013672,
      "min_response_time": 0.05845785140991211,
      "timestamp": 1761254030.0212522
    }
  ]
}